Location,Sample,Date,Study day,ADH_ambient,ADH_internal,ADH_soil,Stage,Gravimetric moisture,pH,EC,DO,CO2 umol gdw soil-1 day-1,CO2 ug C gdw soil-1 day-1,NH4 mg per gdw,NH4 ug per gdw,NO3 mg per gdw,NO3 ug per gdw,TBS,Sorting
conint,con_int_sp1,43222,0,0,0,0,Initial,0.7072,7.6,40.91,,9.571409251,114.856911,0.023208815,23.20881493,0.009660476,9.660475733,3,SP1
con15,con_15_sp1,43222,0,0,0,0,Initial,0.395683453,7.72,43.57,98.2,1.906385215,22.87662258,0.006461084,6.461083933,0.006559712,6.55971223,3,SP1
grint,gr_int_sp1,43222,0,0,0,0,Initial,0.318925999,7.4,23.22,,3.928728239,47.14473887,0.015060376,15.06037634,0.013069677,13.06967736,3,SP1
gr15,gr_15_sp1,43222,0,0,0,0,Initial,0.414340102,7.51,18.45,96.7,2.620720119,31.44864142,0.007528061,7.528060914,0.006175952,6.175951777,3,SP1
conint,con_int_sp2,43222,0,0,0,0,Initial,0.647011309,7.09,42.46,,9.557101344,114.6852161,0.016716067,16.71606677,0.008797236,8.797236403,3,SP2
con15,con_15_sp2,43222,0,0,0,0,Initial,0.48627727,7.18,19.7,96.7,3.507785002,42.09342002,0.009670711,9.670710767,0.008883975,8.883974666,3,SP2
grint,gr_int_sp2,43222,0,0,0,0,Initial,0.366893144,7.13,45.54,,4.913158209,58.95789851,0.010636251,10.63625118,0.008507543,8.507542928,3,SP2
gr15,gr_15_sp2,43222,0,0,0,0,Initial,0.366706161,7.38,43.46,98,1.951326767,23.4159212,0.008397043,8.397042654,0.008508201,8.508201422,3,SP2
conint,con_int_sp3,43222,0,0,0,0,Initial,0.61377709,7.27,48.15,,6.894648229,82.73577875,0.018392755,18.39275542,0.006282972,6.282972136,3,SP3
con15,con_15_sp3,43222,0,0,0,0,Initial,0.422352177,7.21,30.65,98.4,3.284597465,39.41516958,0.010954008,10.95400823,0.00634938,6.349380117,3,SP3
grint,gr_int_sp3,43222,0,0,0,0,Initial,0.414685315,6.86,152.2,,6.394766351,76.73719621,0.042561279,42.56127925,0.039618734,39.6187338,3,SP3
gr15,gr_15_sp3,43222,0,0,0,0,Initial,0.436163714,7.17,57.04,97.1,2.762865679,33.15438815,0.010907185,10.90718469,0.00965868,9.658679699,3,SP3
conint,con_int_sp1,43230,8,3801,2457,2703,Bloat,0.271631206,7,59.47,,3.859931871,46.31918246,0.010227306,10.22730591,0.011854994,11.85499385,17,SP1
con15,con_15_sp1,43230,8,3801,2457,2703,Bloat,0.230295567,7.58,89.27,97.8,3.450554175,41.4066501,0.007388335,7.388334975,0.007837803,7.837802956,17,SP1
grint,gr_int_sp1,43230,8,3801,2457,2703,Bloat,0.448135198,6.97,2495,,52.21004107,626.5204929,3.053055167,3053.055167,0.003871348,3.871348096,17,SP1
gr15,gr_15_sp1,43230,8,3801,2457,2703,Bloat,0.186688312,7.07,134.4,92.7,8.952020735,107.4242488,0.037815801,37.81580087,0.01265168,12.65167965,17,SP1
conint,con_int_sp2,43230,8,3801,2457,2703,Bloat,0.207933461,7.05,59.95,,3.463426857,41.56112228,0.016292607,16.29260653,0.012752556,12.7525562,21,SP2
con15,con_15_sp2,43230,8,3801,2457,2703,Bloat,0.248687664,7.21,78.44,99.4,2.857246398,34.28695678,0.00861761,8.617609799,0.005424299,5.424299213,21,SP2
grint,gr_int_sp2,43230,8,3801,2457,2703,Bloat,0.405729514,6.61,4.537,,55.58105805,666.9726966,2.601536753,2601.536753,0.000316758,0.316757717,21,SP2
gr15,gr_15_sp2,43230,8,3801,2457,2703,Bloat,0.284563758,6.24,133.2,10.75,16.50232573,198.0279088,0.026958711,26.95871141,0.00258283,2.58282953,21,SP2
conint,con_int_sp3,43230,8,3801,2457,2703,Bloat,0.223514212,7.03,121.1,,2.273252008,27.27902409,0.012535311,12.53531094,0.014842043,14.84204307,18,SP3
con15,con_15_sp3,43230,8,3801,2457,2703,Bloat,0.263728814,7.16,76.63,98.7,1.957230836,23.48677003,0.009826755,9.826755254,0.005661505,5.661505085,18,SP3
grint,gr_int_sp3,43230,8,3801,2457,2703,Bloat,0.287376382,6.43,407.9,,43.51573266,522.188792,0.821861082,821.861082,0.014758483,14.75848284,18,SP3
gr15,gr_15_sp3,43230,8,3801,2457,2703,Bloat,0.281362007,6.55,127.4,75.7,22.67785438,272.1342525,0.028770848,28.77084827,0.006355556,6.355555556,18,SP3
conint,con_int_sp1,43234,12,6036,5352,5362,Active,0.407643312,7.48,74.84,,5.217366773,62.60840128,0.012875244,12.87524416,0.01174913,11.74912951,,SP1
con15,con_15_sp1,43234,12,6036,5352,5362,Active,0.296703297,7.57,45.89,100,2.433743732,29.20492479,0.00776293,7.762930403,0.007306491,7.306490842,,SP1
grint,gr_int_sp1,43234,12,6036,5352,5362,Active,0.451807229,7.07,4.311,,10.15080003,121.8096004,8.432096386,8432.096386,0.000971743,0.971742972,,SP1
gr15,gr_15_sp1,43234,12,6036,5352,5362,Active,0.333333333,6.5,185.1,38.8,44.47580692,533.7096831,0.195377778,195.3777778,0.002737778,2.737777778,,SP1
conint,con_int_sp2,43234,12,6036,5352,5362,Active,0.285,7.13,35.37,,1.578106329,18.93727595,0.0093548,9.3548,0.01011552,10.11552,,SP2
con15,con_15_sp2,43234,12,6036,5352,5362,Active,0.362637363,7.01,52.4,101,1.867205639,22.40646767,0.009211429,9.211428571,0.007452718,7.452717949,,SP2
grint,gr_int_sp2,43234,12,6036,5352,5362,Active,0.607142857,6.92,4.709,,53.98820304,647.8584365,6.049714286,6049.714286,0.000792857,0.792857143,,SP2
gr15,gr_15_sp2,43234,12,6036,5352,5362,Active,0.128755365,6.59,620.5,29,36.52367786,438.2841343,0.279600229,279.6002289,0.004936423,4.936423462,,SP2
conint,con_int_sp3,43234,12,6036,5352,5362,Active,0.304761905,7.26,70.78,,3.135800194,37.62960233,0.019108673,19.10867302,0.020253384,20.25338413,,SP3
con15,con_15_sp3,43234,12,6036,5352,5362,Active,0.375757576,7.34,45.58,99.3,1.58626983,19.03523796,0.013005495,13.00549495,0.008555378,8.555377778,,SP3
grint,gr_int_sp3,43234,12,6036,5352,5362,Active,0.297752809,7.03,3.057,,56.37575419,676.5090502,6.234750562,6234.750562,0.003085191,3.085191011,,SP3
gr15,gr_15_sp3,43234,12,6036,5352,5362,Active,0.368131868,5.99,407.7,48.9,42.47563728,509.7076474,0.597344615,597.3446154,0.001503121,1.503120879,,SP3
conint,con_int_sp1,43238,16,8180,8528,8360,Advanced,0.303891291,7.25,85.56,,2.940181032,35.28217239,0.010361589,10.36158946,0.013045867,13.045867,24,SP1
con15,con_15_sp1,43238,16,8180,8528,8360,Advanced,0.329078801,7.13,163.1,97.2,1.709102415,20.50922898,0.007301073,7.301072882,0.007903589,7.903588605,24,SP1
grint,gr_int_sp1,43238,16,8180,8528,8360,Advanced,0.644268775,6.88,4.721,,77.3349346,928.0192152,9.287706983,9287.706983,0.002358978,2.358977602,24,SP1
gr15,gr_15_sp1,43238,16,8180,8528,8360,Advanced,0.382315522,5.9,706.3,53.2,51.06214053,612.7456864,1.03544648,1035.44648,0.001006326,1.0063257,24,SP1
conint,con_int_sp2,43238,16,8180,8528,8360,Advanced,0.342820999,7.24,68.96,,4.428638527,53.14366232,0.012232204,12.23220409,0.018795913,18.79591314,26,SP2
con15,con_15_sp2,43238,16,8180,8528,8360,Advanced,0.304245283,7.29,60.28,98.6,1.901566685,22.81880022,0.01111217,11.11216981,0.006935107,6.935106918,26,SP2
grint,gr_int_sp2,43238,16,8180,8528,8360,Advanced,0.540740741,6.61,3.445,,75.52513215,906.3015858,5.39136,5391.36,0.00096964,0.969639506,26,SP2
gr15,gr_15_sp2,43238,16,8180,8528,8360,Advanced,0.325536062,5.84,699.4,38.6,45.42623421,545.1148105,0.675493177,675.4931774,0.001845146,1.845146199,26,SP2
conint,con_int_sp3,43238,16,8180,8528,8360,Advanced,0.324819908,7.29,53.41,,2.828661414,33.94393696,0.010669216,10.66921633,0.006980918,6.980917704,23,SP3
con15,con_15_sp3,43238,16,8180,8528,8360,Advanced,0.303376906,7.38,40.19,99.2,1.442536118,17.31043341,0.008619666,8.61966594,0.003513904,3.513904139,23,SP3
grint,gr_int_sp3,43238,16,8180,8528,8360,Advanced,0.38981289,6.63,2269,,54.57211147,654.8653377,4.454072349,4454.072349,0.000956191,0.956191268,23,SP3
gr15,gr_15_sp3,43238,16,8180,8528,8360,Advanced,0.357647059,5.88,300.5,50.2,45.94277565,551.3133078,0.284562824,284.5628235,0.000495994,0.495993725,23,SP3
conint,con_int_sp1,43249,27,14213,17814,18289,Advanced2,0.504794521,6.95,51.22,,6.962658837,83.55190605,0.012616197,12.61619726,0.00654084,6.540840183,24,SP1
con15,con_15_sp1,43249,27,14213,17814,18289,Advanced2,0.34496124,7.16,39.75,97.8,1.978208945,23.73850734,0.008679483,8.679483204,0.007356041,7.356041344,24,SP1
grint,gr_int_sp1,43249,27,14213,17814,18289,Advanced2,0.441495778,6.52,3.401,,77.17592195,926.1110634,4.635081624,4635.081624,0.001068629,1.06862887,24,SP1
gr15,gr_15_sp1,43249,27,14213,17814,18289,Advanced2,0.401723209,5.88,389.9,69.6,52.11570771,625.3884925,0.878600108,878.6001077,0.012907067,12.90706731,24,SP1
conint,con_int_sp2,43249,27,14213,17814,18289,Advanced2,0.816260163,7.09,53.52,,8.529335475,102.3520257,0.017290797,17.29079675,0.007453932,7.453931707,26,SP2
con15,con_15_sp2,43249,27,14213,17814,18289,Advanced2,0.362333169,7.06,43.81,98.1,2.183482525,26.2017903,0.009954114,9.954114352,0.005805356,5.805355742,26,SP2
grint,gr_int_sp2,43249,27,14213,17814,18289,Advanced2,0.930167598,5.99,1431,,107.5796447,1290.955736,1.441191806,1441.191806,0.00061508,0.615080074,26,SP2
gr15,gr_15_sp2,43249,27,14213,17814,18289,Advanced2,0.286751361,5.92,467.4,37.4,56.12323766,673.478852,0.083553055,83.55305505,0.001046558,1.046557774,26,SP2
conint,con_int_sp3,43249,27,14213,17814,18289,Advanced2,0.729041916,6.94,54.97,,8.273866523,99.28639827,0.01794515,17.9451497,0.006856228,6.856227545,23,SP3
con15,con_15_sp3,43249,27,14213,17814,18289,Advanced2,0.336594912,7.17,43.6,98.3,2.52057419,30.24689029,0.010728402,10.72840183,0.005467564,5.467564253,23,SP3
grint,gr_int_sp3,43249,27,14213,17814,18289,Advanced2,0.669396873,6.21,684,,76.25001463,915.0001756,1.054168479,1054.168479,0.001914242,1.914241747,23,SP3
gr15,gr_15_sp3,43249,27,14213,17814,18289,Advanced2,0.288530466,5.62,384.2,62.9,52.21708177,626.6049813,0.141910155,141.9101553,0.001072057,1.072057348,23,SP3
conint,con_int_sp1,43265,43,23070,29967,30771,Advanced3,0.208214489,6.62,89.13,,2.282120797,27.38544957,0.040924641,40.92464119,0.012111142,12.11114204,24,SP1
con15,con_15_sp1,43265,43,23070,29967,30771,Advanced3,0.246828753,7.23,79.48,99.4,1.740034653,20.88041584,0.010689479,10.68947851,0.00916336,9.163360113,24,SP1
grint,gr_int_sp1,43265,43,23070,29967,30771,Advanced3,0.300291545,6.47,3.355,,65.92263276,791.0715931,4.953590671,4953.590671,0.001203203,1.20320311,24,SP1
gr15,gr_15_sp1,43265,43,23070,29967,30771,Advanced3,0.280607248,5.68,696.2,64.5,47.5911628,571.0939536,0.577468495,577.4684949,0.009490153,9.490153444,24,SP1
conint,con_int_sp2,43265,43,23070,29967,30771,Advanced3,0.236742424,7.19,101.4,,1.346085922,16.15303106,0.021140051,21.14005051,0.009227747,9.227747475,26,SP2
con15,con_15_sp2,43265,43,23070,29967,30771,Advanced3,0.297860669,7.07,64.71,99,2.007880382,24.09456458,0.012407548,12.407548,0.006575827,6.575827391,26,SP2
grint,gr_int_sp2,43265,43,23070,29967,30771,Advanced3,0.210611803,5.65,968.8,,60.88390595,730.6068714,1.045968598,1045.968598,0.000411608,0.411608013,26,SP2
gr15,gr_15_sp2,43265,43,23070,29967,30771,Advanced3,0.242331288,5.98,465.5,75,39.13200769,469.5840923,0.109656442,109.6564417,0.009312515,9.312515337,26,SP2
conint,con_int_sp3,43265,43,23070,29967,30771,Advanced3,0.226830517,7.26,105.5,,1.289469842,15.47363811,0.020126564,20.12656358,0.007864802,7.864801502,23,SP3
con15,con_15_sp3,43265,43,23070,29967,30771,Advanced3,0.264039855,7.1,56.27,98.8,2.016588665,24.19906398,0.00793817,7.93817029,0.00427414,4.274140097,23,SP3
grint,gr_int_sp3,43265,43,23070,29967,30771,Advanced3,0.515252357,6.02,1036,,69.74934741,836.9921689,2.325811351,2325.811351,0.000682874,0.682873729,23,SP3
gr15,gr_15_sp3,43265,43,23070,29967,30771,Advanced3,0.344211823,5.52,437.5,80.25,48.6749513,584.0994156,0.2570133,257.0133005,0.001828128,1.828128079,23,SP3
conint,con_int_sp1,43280,58,31864,40296,41581,Advanced4,0.588194921,7.32,38.35,,7.683108306,92.19729967,0.011604411,11.60441089,0.008817658,8.817658202,25,SP1
con15,con_15_sp1,43280,58,31864,40296,41581,Advanced4,0.376870748,7.33,56.01,95.4,2.847480797,34.16976956,0.002606875,2.606875283,0.011415176,11.41517642,25,SP1
grint,gr_int_sp1,43280,58,31864,40296,41581,Advanced4,1.023705004,7.53,1577,,81.06737834,972.80854,3.208516828,3208.516828,0.000903922,0.903921569,25,SP1
gr15,gr_15_sp1,43280,58,31864,40296,41581,Advanced4,0.410118407,6.25,602.3,63,57.01717209,684.206065,0.710887693,710.8876929,0.006610635,6.610635091,25,SP1
conint,con_int_sp2,43280,58,31864,40296,41581,Advanced4,0.663793103,7.34,76.37,,7.357251856,88.28702227,0.010453057,10.45305747,0.00913977,9.139770115,26,SP2
con15,con_15_sp2,43280,58,31864,40296,41581,Advanced4,0.43301105,7.3,30.78,97.3,2.28474967,27.41699604,0.000726059,0.726058932,0.007772652,7.772651934,26,SP2
grint,gr_int_sp2,43280,58,31864,40296,41581,Advanced4,0.757287329,6.08,427.3,,75.49301592,905.9161911,0.500006821,500.0068213,0.000145269,0.145269086,26,SP2
gr15,gr_15_sp2,43280,58,31864,40296,41581,Advanced4,0.457720588,6.41,331.3,71.6,63.69165452,764.2998542,0.086977328,86.97732843,0.000431485,0.431485294,26,SP2
conint,con_int_sp3,43280,58,31864,40296,41581,Advanced4,0.609056604,7.33,41.56,,6.857174318,82.28609181,0.014511545,14.51154516,0.009671503,9.671502893,23,SP3
con15,con_15_sp3,43280,58,31864,40296,41581,Advanced4,0.38080869,7.31,29.72,97.8,2.16115576,25.93386912,0.008137566,8.137565882,0.005663157,5.663156709,23,SP3
grint,gr_int_sp3,43280,58,31864,40296,41581,Advanced4,0.680420105,6.47,476.3,,74.87696218,898.5235461,0.767615904,767.615904,0.004808242,4.808242061,23,SP3
gr15,gr_15_sp3,43280,58,31864,40296,41581,Advanced4,0.418149466,6.43,258.7,87,45.46055752,545.5266903,0.050675208,50.67520759,0.003539701,3.539701068,23,SP3
conint,con_int_sp1,43294,72,40428,50757,51922,Advanced5,0.294950739,7.21,67.51,,3.35745191,40.28942292,0.010739458,10.73945813,0.014479276,14.47927586,26,SP1
con15,con_15_sp1,43294,72,40428,50757,51922,Advanced5,0.265625,7.28,79.01,96.3,1.75317923,21.03815076,0.005484375,5.484375,0.00650025,6.50025,26,SP1
grint,gr_int_sp1,43294,72,40428,50757,51922,Advanced5,0.604120677,6.36,924.2,,80.84668188,970.1601825,2.514191808,2514.191808,0.002647869,2.647868531,26,SP1
gr15,gr_15_sp1,43294,72,40428,50757,51922,Advanced5,0.445508982,6.39,1044,50.7,37.99830742,455.9796891,0.884940599,884.9405988,0.009742731,9.742730539,26,SP1
conint,con_int_sp2,43294,72,40428,50757,51922,Advanced5,0.325682382,7.28,69.34,,1.503210034,18.0385204,0.007650071,7.650071133,0.008452551,8.452550868,26,SP2
con15,con_15_sp2,43294,72,40428,50757,51922,Advanced5,0.355555556,7.4,47.18,96.5,1.618685302,19.42422362,0.00692237,6.92237037,0.003719644,3.719644444,26,SP2
grint,gr_int_sp2,43294,72,40428,50757,51922,Advanced5,0.56294964,7.69,914.9,,66.85186993,802.2224391,1.527731175,1527.731175,0.010432168,10.43216787,26,SP2
gr15,gr_15_sp2,43294,72,40428,50757,51922,Advanced5,0.333127699,7.26,393.7,84.4,10.08277531,120.9933037,0.26938067,269.3806704,0.010082,10.08200041,26,SP2
conint,con_int_sp3,43294,72,40428,50757,51922,Advanced5,0.273524255,7.39,48.67,,1.089068258,13.06881909,0.006758169,6.758168712,0.006000846,6.000846289,24,SP3
con15,con_15_sp3,43294,72,40428,50757,51922,Advanced5,0.315453384,7.41,35.31,97.7,1.529254805,18.35105766,0.004665475,4.66547467,0.002132788,2.132788421,24,SP3
grint,gr_int_sp3,43294,72,40428,50757,51922,Advanced5,0.399428027,6.98,638.8,,68.71810818,824.6172981,0.995273213,995.2732126,0.02567484,25.67483953,24,SP3
gr15,gr_15_sp3,43294,72,40428,50757,51922,Advanced5,0.416986301,6.06,234.2,75,38.94999979,467.3999975,0.089459068,89.45906849,0.002662045,2.662044932,24,SP3
conint,con_int_sp1,43308,86,48562,60190,61203,Advanced6,0.445504771,7.15,80.86,,5.927430253,71.12916304,0.01695288,16.95287996,0.023490416,23.49041621,26,SP1
con15,con_15_sp1,43308,86,48562,60190,61203,Advanced6,0.322365284,7.24,57.59,97.9,2.101326043,25.21591252,0.005303566,5.303566365,0.010977395,10.97739501,26,SP1
grint,gr_int_sp1,43308,86,48562,60190,61203,Advanced6,1.013986014,6.54,1202,,102.6277082,1231.532499,4.313152448,4313.152448,0.000835133,0.835132867,26,SP1
gr15,gr_15_sp1,43308,86,48562,60190,61203,Advanced6,0.433776465,6.21,498.3,72,52.61327186,631.3592624,0.618244412,618.2444116,0.026771474,26.77147415,26,SP1
conint,con_int_sp2,43308,86,48562,60190,61203,Advanced6,0.524271845,7.32,37.51,,4.44235006,53.30820072,0.009617139,9.617139159,0.009991094,9.991093851,26,SP2
con15,con_15_sp2,43308,86,48562,60190,61203,Advanced6,0.402738163,6.89,21.83,96.6,1.767285729,21.20742875,0.010369041,10.3690405,0.007436383,7.436382582,26,SP2
grint,gr_int_sp2,43308,86,48562,60190,61203,Advanced6,0.623160589,6.95,409,,55.71551591,668.586191,0.440633994,440.6339945,0.052096962,52.09696225,26,SP2
gr15,gr_15_sp2,43308,86,48562,60190,61203,Advanced6,0.436835106,6.7,203.9,88.2,8.740563431,104.8867612,0.10230266,102.3026596,0.036277213,36.27721277,26,SP2
conint,con_int_sp3,43308,86,48562,60190,61203,Advanced6,0.415609137,7.31,33.27,,3.188291025,38.2594923,0.008267157,8.26715736,0.007542365,7.542365482,24,SP3
con15,con_15_sp3,43308,86,48562,60190,61203,Advanced6,0.377396569,7.38,41.68,98.8,1.389448124,16.67337748,0.004760283,4.760282543,0.005252472,5.25247225,24,SP3
grint,gr_int_sp3,43308,86,48562,60190,61203,Advanced6,0.887931034,6.77,551,,87.81927283,1053.831274,0.931882759,931.8827586,0.069918897,69.91889655,24,SP3
gr15,gr_15_sp3,43308,86,48562,60190,61203,Advanced6,0.434302909,6.49,240.3,94.3,24.93964394,299.2757273,0.191718489,191.7184888,0.003516911,3.516910732,24,SP3
conint,con_int_sp1,43325,103,58224,70875,71557,Advanced7,0.393884892,6.47,59.68,,2.969621513,35.63545815,0.010073141,10.07314149,0.013622902,13.62290168,27,SP1
con15,con_15_sp1,43325,103,58224,70875,71557,Advanced7,0.356872636,7.14,60.56,95.3,1.992330934,23.90797121,0.006382729,6.382728878,0.00847774,8.477740227,27,SP1
grint,gr_int_sp1,43325,103,58224,70875,71557,Advanced7,0.74201278,6.86,1017,,88.58690353,1063.042842,0.798770927,798.7709265,0.150509904,150.5099042,27,SP1
gr15,gr_15_sp1,43325,103,58224,70875,71557,Advanced7,0.377077364,5.76,581,71.5,32.51203461,390.1444154,0.281327725,281.3277249,0.078364883,78.36488252,27,SP1
conint,con_int_sp2,43325,103,58224,70875,71557,Advanced7,0.550910317,7.17,46.59,,4.523592614,54.28311137,0.012729872,12.72987188,0.007766959,7.766958867,27,SP2
con15,con_15_sp2,43325,103,58224,70875,71557,Advanced7,0.401159047,7.29,70.11,98,2.623270192,31.4792423,0.007921219,7.921219146,0.004853615,4.853614939,27,SP2
grint,gr_int_sp2,43325,103,58224,70875,71557,Advanced7,0.660447761,6.22,435.8,,22.03178884,264.3814661,0.229141791,229.141791,0.163122388,163.1223881,27,SP2
gr15,gr_15_sp2,43325,103,58224,70875,71557,Advanced7,0.372093023,6.43,253.5,92.6,3.67986418,44.15837016,0.019062946,19.06294574,0.051261395,51.26139535,27,SP2
conint,con_int_sp3,43325,103,58224,70875,71557,Advanced7,0.452337583,7.21,42.81,,2.829952439,33.95942927,0.009426639,9.426639142,0.007885225,7.885224853,24,SP3
con15,con_15_sp3,43325,103,58224,70875,71557,Advanced7,0.344431688,7.45,39.32,98.3,1.531996971,18.38396365,0.005807945,5.807944891,0.004327277,4.327277459,24,SP3
grint,gr_int_sp3,43325,103,58224,70875,71557,Advanced7,1.061139028,6.79,266,,62.76729361,753.2075234,0.384196315,384.1963149,0.023617905,23.61790508,24,SP3
gr15,gr_15_sp3,43325,103,58224,70875,71557,Advanced7,0.493099122,5.78,343.6,87.9,41.38460666,496.6152799,0.121597992,121.5979925,0.003410238,3.410238394,24,SP3
conint,con_int_sp1,43339,117,66125,79316,79553,Advanced8,0.242206235,6.68,51.54,,2.590080121,31.08096146,0.019583795,19.58379536,0.016161931,16.16193125,27,SP1
con15,con_15_sp1,43339,117,66125,79316,79553,Advanced8,0.262278978,7.29,76.25,98.2,1.768509383,21.22211259,0.007109155,7.109155206,0.013205121,13.20512115,27,SP1
grint,gr_int_sp1,43339,117,66125,79316,79553,Advanced8,0.561230093,7.1,472.3,,53.18973035,638.2767642,1.046440491,1046.440491,0.089885221,89.88522057,27,SP1
gr15,gr_15_sp1,43339,117,66125,79316,79553,Advanced8,0.385135135,5.57,678.1,86.5,31.7175822,380.6109865,0.420157658,420.1576577,0.126435135,126.4351351,27,SP1
conint,con_int_sp2,43339,117,66125,79316,79553,Advanced8,0.378761062,7.25,28.58,,1.84043725,22.085247,0.009860899,9.860899115,0.009621914,9.621913864,27,SP2
con15,con_15_sp2,43339,117,66125,79316,79553,Advanced8,0.364665912,7.2,44.2,98.8,2.253025365,27.03630438,0.008573741,8.573741034,0.011583284,11.58328426,27,SP2
grint,gr_int_sp2,43339,117,66125,79316,79553,Advanced8,0.474824356,5.83,721.2,,15.85939495,190.3127394,0.089472678,89.4726776,0.367034621,367.0346214,27,SP2
gr15,gr_15_sp2,43339,117,66125,79316,79553,Advanced8,0.318404908,6.49,247,97.1,3.581525298,42.97830357,0.033751166,33.75116564,0.077065162,77.06516155,27,SP2
conint,con_int_sp3,43339,117,66125,79316,79553,Advanced8,0.316539924,7.14,24.78,,1.45065366,17.40784392,0.008439899,8.439898606,0.009366743,9.366742712,24,SP3
con15,con_15_sp3,43339,117,66125,79316,79553,Advanced8,0.29580348,7.15,45.92,98.9,1.726972448,20.72366938,0.006634514,6.634513818,0.007567492,7.567492323,24,SP3
grint,gr_int_sp3,43339,117,66125,79316,79553,Advanced8,0.587589237,6.51,272,,37.29824855,447.5789826,0.157277174,157.2771737,0.10122469,101.2246897,24,SP3
gr15,gr_15_sp3,43339,117,66125,79316,79553,Advanced8,0.502360081,6.05,262.7,94.7,47.32323196,567.8787836,0.141742666,141.7426658,0.014370575,14.37057496,24,SP3
conint,con_int_sp1,43354,132,75002,88381,88547,Advanced9,0.170849846,6.67,118.7,,1.261527733,15.1383328,0.006388157,6.388156759,0.017300477,17.30047732,26,SP1
con15,con_15_sp1,43354,132,75002,88381,88547,Advanced9,0.172131148,6.84,66.82,98.3,1.179449192,14.15339031,0.002900634,2.90063388,0.006088831,6.088830601,26,SP1
grint,gr_int_sp1,43354,132,75002,88381,88547,Advanced9,0.430951102,6.46,886.1,,70.71132337,848.5358804,0.788549454,788.5494537,0.26835103,268.3510299,26,SP1
gr15,gr_15_sp1,43354,132,75002,88381,88547,Advanced9,0.431113662,5.79,648,90.7,37.17364207,446.0837049,0.230352055,230.3520551,0.131051848,131.0518485,26,SP1
conint,con_int_sp2,43354,132,75002,88381,88547,Advanced9,0.331709957,7.03,57.58,,2.546574292,30.5588915,0.005220303,5.22030303,0.01111889,11.11889033,26,SP2
con15,con_15_sp2,43354,132,75002,88381,88547,Advanced9,0.255437814,6.8,37.33,99.3,1.188617711,14.26341253,0.003013051,3.013050753,0.002842311,2.84231121,26,SP2
grint,gr_int_sp2,43354,132,75002,88381,88547,Advanced9,0.274409044,5.84,317,,5.606624788,67.27949746,0.115716341,115.7163412,0.204415211,204.4152107,26,SP2
gr15,gr_15_sp2,43354,132,75002,88381,88547,Advanced9,0.234229829,6.27,228.9,98.9,2.633014681,31.59617618,0.014909496,14.90949633,0.039594093,39.59409291,26,SP2
conint,con_int_sp3,43354,132,75002,88381,88547,Advanced9,0.303967328,6.95,58.99,,1.666208512,19.99450214,0.005285414,5.285414236,0.012177316,12.17731622,24,SP3
con15,con_15_sp3,43354,132,75002,88381,88547,Advanced9,0.248927039,7.07,49.43,99.3,1.260137366,15.12164839,0.001785133,1.785133047,0.001895039,1.895038627,24,SP3
grint,gr_int_sp3,43354,132,75002,88381,88547,Advanced9,0.278996865,5.95,454.4,,11.3580622,136.2967464,0.196453918,196.4539185,0.137875862,137.8758621,24,SP3
gr15,gr_15_sp3,43354,132,75002,88381,88547,Advanced9,0.402111324,6.04,243.9,98.4,33.02288044,396.2745653,0.077172207,77.17220729,0.007655528,7.655527831,24,SP3
conint,con_int_sp1,43372,150,85018,98590,98759,Advanced10,0.451846966,7.19,54.91,,6.750871418,81.01045701,0.013697692,13.69769217,0.007932892,7.932891821,27,SP1
con15,con_15_sp1,43372,150,85018,98590,98759,Advanced10,0.319452367,7.31,64.87,94.8,1.935772183,23.22926619,0.006741522,6.741521962,0.008606348,8.606347975,27,SP1
grint,gr_int_sp1,43372,150,85018,98590,98759,Advanced10,0.75536193,6.65,259.3,,32.14449816,385.7339779,0.355285255,355.2852547,0.078218928,78.21892761,27,SP1
gr15,gr_15_sp1,43372,150,85018,98590,98759,Advanced10,0.412132884,6.38,397.9,85.4,28.81617783,345.794134,0.30215878,302.1587803,0.055562722,55.56272187,27,SP1
conint,con_int_sp2,43372,150,85018,98590,98759,Advanced10,0.670722978,7.29,44.99,,4.369616557,52.43539868,0.008963986,8.963985684,0.008500639,8.500638511,27,SP2
con15,con_15_sp2,43372,150,85018,98590,98759,Advanced10,0.442105263,7.28,41.72,97.3,2.856484379,34.27781255,0.008291144,8.29114386,0.005233881,5.233880702,27,SP2
grint,gr_int_sp2,43372,150,85018,98590,98759,Advanced10,0.461584276,5.89,740.5,,14.463176,173.558112,0.212222037,212.2220369,0.168374509,168.3745086,27,SP2
gr15,gr_15_sp2,43372,150,85018,98590,98759,Advanced10,0.350449294,6.49,220.5,96.5,3.304618647,39.65542376,0.028053333,28.05333333,0.038010646,38.01064613,27,SP2
conint,con_int_sp3,43372,150,85018,98590,98759,Advanced10,0.572125436,7.11,32.9,,3.346536192,40.1584343,0.007521048,7.521048084,0.007156315,7.156314983,24,SP3
con15,con_15_sp3,43372,150,85018,98590,98759,Advanced10,0.460718294,7.07,47.61,98.9,2.74772305,32.9726766,0.007697012,7.697011597,0.00563253,5.632529742,24,SP3
grint,gr_int_sp3,43372,150,85018,98590,98759,Advanced10,0.679330328,6.2,492.2,,22.075115,264.90138,0.233650826,233.6508264,0.142183301,142.1833011,24,SP3
gr15,gr_15_sp3,43372,150,85018,98590,98759,Advanced10,0.52427686,6.33,213.4,96.8,22.19152091,266.2982509,0.044508884,44.5088843,0.016527226,16.5272259,24,SP3
conint,con_int_sp1,43390,168,93873,107592,107850,Advanced11,0.477111541,6.94,60.69,,3.575072282,42.90086739,0.01273861,12.73860993,0.009232932,9.232931872,27,SP1
con15,con_15_sp1,43390,168,93873,107592,107850,Advanced11,0.339570721,7.03,63.89,100.4,1.556362577,18.67635092,0.006158453,6.158453128,0.010202171,10.20217061,27,SP1
grint,gr_int_sp1,43390,168,93873,107592,107850,Advanced11,1.022590361,6.54,338.7,,39.50976148,474.1171377,0.682421988,682.421988,0.105767992,105.767992,27,SP1
gr15,gr_15_sp1,43390,168,93873,107592,107850,Advanced11,0.42676399,6.24,263.9,96.1,10.01755739,120.2106887,0.107406793,107.4067932,0.066296967,66.29696675,27,SP1
conint,con_int_sp2,43390,168,93873,107592,107850,Advanced11,0.726934524,7.28,37.52,,3.569596376,42.83515651,0.009385313,9.385313492,0.010333976,10.33397619,29,SP2
con15,con_15_sp2,43390,168,93873,107592,107850,Advanced11,0.492338441,7.23,40.93,100.7,1.580649332,18.96779198,0.006446902,6.446902065,0.008671481,8.671481235,29,SP2
grint,gr_int_sp2,43390,168,93873,107592,107850,Advanced11,0.571240972,5.16,681.3,,9.401735107,112.8208213,0.254750536,254.7505362,0.338759554,338.7595535,29,SP2
gr15,gr_15_sp2,43390,168,93873,107592,107850,Advanced11,0.365921788,6.05,314.3,101.4,2.428115292,29.1373835,0.031907933,31.90793296,0.082028156,82.02815642,29,SP2
conint,con_int_sp3,43390,168,93873,107592,107850,Advanced11,0.653493296,7.24,35.34,,3.285422569,39.42507083,0.006155404,6.155404375,0.005511644,5.511644319,24,SP3
con15,con_15_sp3,43390,168,93873,107592,107850,Advanced11,0.514819588,7.23,41.65,100.3,1.673158022,20.07789626,0.005332165,5.332164948,0.007816469,7.816469072,24,SP3
grint,gr_int_sp3,43390,168,93873,107592,107850,Advanced11,0.564740307,5.6,623.2,,12.70361741,152.4434089,0.178589027,178.5890271,0.216977323,216.9773226,24,SP3
gr15,gr_15_sp3,43390,168,93873,107592,107850,Advanced11,0.647237401,6.51,109,101.4,8.888085486,106.6570258,0.019042064,19.04206436,0.024185838,24.18583768,24,SP3
conint,con_int_sp1,43423,201,101688,115703,116954,Advanced12,0.527513228,7.27,39.76,,5.534771572,66.41725887,0.010004193,10.0041933,0.006981754,6.981753792,28,SP1
con15,con_15_sp1,43423,201,101688,115703,116954,Advanced12,0.406580494,7.21,49.66,,2.812824139,33.75388967,0.008927098,8.927097532,0.01081004,10.81003995,28,SP1
grint,gr_int_sp1,43423,201,101688,115703,116954,Advanced12,0.632853403,6.34,283.9,,35.85745061,430.2894073,0.516743674,516.7436736,0.080554101,80.55410122,28,SP1
gr15,gr_15_sp1,43423,201,101688,115703,116954,Advanced12,0.469767442,6.5,283.8,,6.134179394,73.61015273,0.05643907,56.43906977,0.062651287,62.65128682,28,SP1
conint,con_int_sp2,43423,201,101688,115703,116954,Advanced12,0.715185885,7.18,53.57,,4.563141037,54.75769244,0.008031644,8.031643772,0.008429567,8.429566898,29,SP2
con15,con_15_sp2,43423,201,101688,115703,116954,Advanced12,0.527234268,7.26,45.72,,2.110335276,25.32402332,0.008145249,8.145249427,0.009802808,9.802807686,29,SP2
grint,gr_int_sp2,43423,201,101688,115703,116954,Advanced12,0.582931865,5.33,237.8,,9.261124182,111.1334902,0.134021565,134.0215646,0.098606102,98.60610232,29,SP2
gr15,gr_15_sp2,43423,201,101688,115703,116954,Advanced12,0.404433498,5.68,455.7,,2.209216169,26.51059402,0.078573373,78.57337274,0.105426141,105.4261412,29,SP2
conint,con_int_sp3,43423,201,101688,115703,116954,Advanced12,0.623385013,7.02,57.9,,3.727990894,44.73589073,0.00782688,7.826880276,0.006792243,6.792242894,24,SP3
con15,con_15_sp3,43423,201,101688,115703,116954,Advanced12,0.462166576,7.09,38.49,,1.894215883,22.73059059,0.007314732,7.314731991,0.005762886,5.762885865,24,SP3
grint,gr_int_sp3,43423,201,101688,115703,116954,Advanced12,0.690555928,5.78,347,,13.73856597,164.8627916,0.197456932,197.4569324,0.170227712,170.2277115,24,SP3
gr15,gr_15_sp3,43423,201,101688,115703,116954,Advanced12,0.482948295,6.79,86.23,,4.54474337,54.53692045,0.01652993,16.52993033,0.012765219,12.76521892,24,SP3
conint,con_int_sp1,43476,254,110453,124074,127477,Advanced13,0.615272727,7.74,71.18,,4.774186167,57.29023401,0.007529325,7.529324606,0.009687329,9.68732897,31,SP1
con15,con_15_sp1,43476,254,110453,124074,127477,Advanced13,0.374930671,7.82,44.59,,1.020060836,12.24073003,0.005103743,5.103742651,0.00648234,6.482339804,31,SP1
grint,gr_int_sp1,43476,254,110453,124074,127477,Advanced13,1.02009702,7.83,361.2,,43.28055409,519.3666491,1.147549781,1147.549781,0.007811042,7.811041811,31,SP1
gr15,gr_15_sp1,43476,254,110453,124074,127477,Advanced13,0.632664437,6.75,178.3,,13.50395427,162.0474512,0.157628309,157.6283092,0.034373029,34.37302861,31,SP1
conint,con_int_sp2,43476,254,110453,124074,127477,Advanced13,0.687788779,7.56,33,,4.383094089,52.59712907,0.01069383,10.6938297,0.011098899,11.09889901,30,SP2
con15,con_15_sp2,43476,254,110453,124074,127477,Advanced13,0.564612326,7.49,95.14,,2.646199349,31.75439219,0.011331966,11.33196554,0.01415244,14.15244003,30,SP2
grint,gr_int_sp2,43476,254,110453,124074,127477,Advanced13,0.589978829,5.96,471.9,,9.290283029,111.4833963,0.669063091,669.063091,0.198641355,198.641355,30,SP2
gr15,gr_15_sp2,43476,254,110453,124074,127477,Advanced13,0.429403202,6.4,202.3,,5.481313401,65.77576081,0.178561048,178.561048,0.041262106,41.26210577,30,SP2
conint,con_int_sp3,43476,254,110453,124074,127477,Advanced13,0.745137492,7.52,71.6,,8.138925706,97.66710847,0.011392258,11.39225755,0.009209672,9.209672256,24,SP3
con15,con_15_sp3,43476,254,110453,124074,127477,Advanced13,0.555243971,7.47,83.41,,2.383217435,28.59860923,0.008925027,8.925026734,0.010214842,10.2148424,24,SP3
grint,gr_int_sp3,43476,254,110453,124074,127477,Advanced13,0.666857798,5.73,710.9,,12.66272542,151.9527051,0.510836353,510.8363532,0.380488073,380.4880734,24,SP3
gr15,gr_15_sp3,43476,254,110453,124074,127477,Advanced13,0.549344375,6.73,170.6,,6.125817181,73.50980617,0.062035749,62.03574879,0.045009487,45.009487,24,SP3
conint,con_int_sp1,43525,303,118303,131337,135944,Skeletonization1,0.63601108,7.39,45.95,,4.585276361,55.02331633,0.010330865,10.33086464,0.006443702,6.443702308,29,SP1
con15,con_15_sp1,43525,303,118303,131337,135944,Skeletonization1,0.479166667,7.61,48.9,,1.927241387,23.12689664,0.005601111,5.601111111,0.005936389,5.936388889,29,SP1
grint,gr_int_sp1,43525,303,118303,131337,135944,Skeletonization1,0.905254091,6.44,130.7,,35.85346484,430.2415781,0.202465001,202.4650014,0.064931059,64.93105943,29,SP1
gr15,gr_15_sp1,43525,303,118303,131337,135944,Skeletonization1,0.520506634,6.86,124.2,,11.4708123,137.6497476,0.067287487,67.28748693,0.027652947,27.65294733,29,SP1
conint,con_int_sp2,43525,303,118303,131337,135944,Skeletonization1,0.922077922,7.29,35.52,,7.118890887,85.42669064,0.008631411,8.631411255,0.00748329,7.483290043,28,SP2
con15,con_15_sp2,43525,303,118303,131337,135944,Skeletonization1,0.577494692,7.47,42.24,,2.260247673,27.12297208,0.008446958,8.446958245,0.006137506,6.137506016,28,SP2
grint,gr_int_sp2,43525,303,118303,131337,135944,Skeletonization1,0.765326302,6.48,337.9,,12.12044067,145.445288,0.854182553,854.1825533,0.134729703,134.7297034,28,SP2
gr15,gr_15_sp2,43525,303,118303,131337,135944,Skeletonization1,0.526315789,6.57,94.51,,4.394904097,52.73884916,0.050368421,50.36842105,0.042797895,42.79789474,28,SP2
conint,con_int_sp3,43525,303,118303,131337,135944,Skeletonization1,0.834228703,7.33,39.04,,7.341010232,88.09212278,0.008041259,8.041258634,0.006647245,6.64724482,24,SP3
con15,con_15_sp3,43525,303,118303,131337,135944,Skeletonization1,0.511473738,7.52,35.53,,1.417872905,17.01447486,0.00715834,7.158339623,0.006872167,6.872167262,24,SP3
grint,gr_int_sp3,43525,303,118303,131337,135944,Skeletonization1,1.073394495,7.8,1081,,24.67885543,296.1462652,2.549445872,2549.445872,0.329144465,329.1444648,24,SP3
gr15,gr_15_sp3,43525,303,118303,131337,135944,Skeletonization1,0.672839506,6.64,114.3,,26.84631338,322.1557606,0.172703951,172.7039506,0.035241152,35.24115226,24,SP3
conint,con_int_sp1,43562,340,127298,140332,144538,Skeletonization2,0.73280943,7.16,80.89,,3.929415341,47.1529841,0.005940533,5.940532809,0.012730373,12.73037328,,SP1
con15,con_15_sp1,43562,340,127298,140332,144538,Skeletonization2,0.526252263,7.32,74.75,,2.139112178,25.66934613,0.00678877,6.788770066,0.011843718,11.84371756,,SP1
grint,gr_int_sp1,43562,340,127298,140332,144538,Skeletonization2,1.034435262,6.67,171.1,,28.42657761,341.1189313,0.099551699,99.55169881,0.000217006,0.217006428,,SP1
gr15,gr_15_sp1,43562,340,127298,140332,144538,Skeletonization2,0.65840081,7.03,91.33,,22.32447687,267.8937225,0.037700978,37.70097841,0.006483242,6.483241565,,SP1
conint,con_int_sp2,43562,340,127298,140332,144538,Skeletonization2,0.849886277,7.21,76.49,,7.296830821,87.56196986,0.013042932,13.04293151,0.010561617,10.56161739,,SP2
con15,con_15_sp2,43562,340,127298,140332,144538,Skeletonization2,0.577955454,7.21,92.75,,3.146605037,37.75926045,0.010519703,10.51970303,0.010915244,10.91524386,,SP2
grint,gr_int_sp2,43562,340,127298,140332,144538,Skeletonization2,0.6485623,5.57,659.1,,10.2785626,123.3427511,0.410272204,410.2722045,0.329272843,329.2728435,,SP2
gr15,gr_15_sp2,43562,340,127298,140332,144538,Skeletonization2,0.450669311,5.78,428,,4.007149597,48.08579516,0.080908663,80.90866303,0.171372401,171.3724013,,SP2
conint,con_int_sp3,43562,340,127298,140332,144538,Skeletonization2,0.873929009,7.15,68.74,,9.112050823,109.3446099,0.011083665,11.08366544,0.010099228,10.09922807,,SP3
con15,con_15_sp3,43562,340,127298,140332,144538,Skeletonization2,0.65732899,7.21,59.2,,3.82252093,45.87025116,0.008131961,8.131960912,0.0104699,10.46989967,,SP3
grint,gr_int_sp3,43562,340,127298,140332,144538,Skeletonization2,0.826685007,5.67,463.6,,12.58784765,151.0541718,0.919553232,919.5532325,0.238321504,238.3215039,,SP3
gr15,gr_15_sp3,43562,340,127298,140332,144538,Skeletonization2,0.849193548,5.92,329.2,,17.57283359,210.8740031,0.256988591,256.9885914,0.125794473,125.7944731,,SP3
conint,con_int_sp1,43579,357,134033,147067,151096,Skeletonization3,0.521640091,6.8,49.08,,7.055353174,84.66423809,0.008326415,8.326414579,0.01077727,10.77726955,29,SP1
con15,con_15_sp1,43579,357,134033,147067,151096,Skeletonization3,0.423860911,7.06,41.85,,3.956661352,47.47993622,0.005877698,5.877697842,0.008611511,8.611510791,29,SP1
grint,gr_int_sp1,43579,357,134033,147067,151096,Skeletonization3,0.508692853,6,68.13,,13.36130472,160.3356567,0.018023851,18.02385061,0.032483163,32.48316291,29,SP1
gr15,gr_15_sp1,43579,357,134033,147067,151096,Skeletonization3,0.515002459,6.54,67.01,,8.66613255,103.9935906,0.067367109,67.36710936,0.024126919,24.12691917,29,SP1
conint,con_int_sp2,43579,357,134033,147067,151096,Skeletonization3,0.791881443,6.7,37.57,,7.466811203,89.60173443,0.011267351,11.26735052,0.009456356,9.45635567,29,SP2
con15,con_15_sp2,43579,357,134033,147067,151096,Skeletonization3,0.53030303,6.88,35.58,,3.639875855,43.67851026,0.011475232,11.47523232,0.009883717,9.883717172,29,SP2
grint,gr_int_sp2,43579,357,134033,147067,151096,Skeletonization3,0.547535211,5.89,174,,7.500121008,90.0014521,0.207245915,207.2459155,0.09316162,93.16161972,29,SP2
gr15,gr_15_sp2,43579,357,134033,147067,151096,Skeletonization3,0.405011655,5.89,120.4,,2.663067965,31.95681558,0.009348011,9.348010878,0.056125532,56.12553225,29,SP2
conint,con_int_sp3,43579,357,134033,147067,151096,Skeletonization3,0.679423184,6.63,42.1,,9.842888031,118.1146564,0.011724613,11.72461305,0.009561516,9.561515992,26,SP3
con15,con_15_sp3,43579,357,134033,147067,151096,Skeletonization3,0.520414776,7.02,26.77,,2.372428816,28.46914579,0.005741086,5.741086196,0.005659997,5.659997408,26,SP3
grint,gr_int_sp3,43579,357,134033,147067,151096,Skeletonization3,1.069279216,5.8,319.9,,14.30033353,171.6040024,0.719060732,719.0607324,0.434824539,434.8245393,26,SP3
gr15,gr_15_sp3,43579,357,134033,147067,151096,Skeletonization3,0.558496559,6.15,150.9,,15.96433538,191.5720246,0.047305566,47.30556555,0.044302862,44.30286218,26,SP3
conint,con_int_sp1,43598,376,143017,156051,159517,Skeletonization4,0.546892655,7.69,37.72,,2.823544246,33.88253095,0.005601814,5.601813936,0.006567075,6.567074953,31,SP1
con15,con_15_sp1,43598,376,143017,156051,159517,Skeletonization4,0.46223565,7.64,33.29,,1.653539586,19.84247503,0.005490207,5.490207452,0.006172584,6.172584089,31,SP1
grint,gr_int_sp1,43598,376,143017,156051,159517,Skeletonization4,0.726737338,6.66,35.51,,9.050619026,108.6074283,0.019293412,19.29341186,0.005451885,5.451885355,31,SP1
gr15,gr_15_sp1,43598,376,143017,156051,159517,Skeletonization4,0.616100767,7.48,79.86,,8.896027414,106.752329,0.037137996,37.13799562,0.000995518,0.995518072,31,SP1
conint,con_int_sp2,43598,376,143017,156051,159517,Skeletonization4,0.833225178,7.23,35.06,,4.072589707,48.87107649,0.006853818,6.853817867,0.009914082,9.914081765,31,SP2
con15,con_15_sp2,43598,376,143017,156051,159517,Skeletonization4,0.546127563,7.48,29.38,,1.567086811,18.80504173,0.004057039,4.057038724,0.005834055,5.83405467,31,SP2
grint,gr_int_sp2,43598,376,143017,156051,159517,Skeletonization4,0.626930204,5.42,46.52,,5.072805763,60.87366916,0.034143842,34.14384188,0.019436393,19.43639284,31,SP2
gr15,gr_15_sp2,43598,376,143017,156051,159517,Skeletonization4,0.520980926,5.97,180.1,,3.009736142,36.1168337,0.007037072,7.037071753,0.053579088,53.5790881,31,SP2
conint,con_int_sp3,43598,376,143017,156051,159517,Skeletonization4,0.774336283,6.84,30.67,,5.628974352,67.54769223,0.007665133,7.665132743,0.005602171,5.602171091,28,SP3
con15,con_15_sp3,43598,376,143017,156051,159517,Skeletonization4,0.548176375,7.16,36.72,,2.304712762,27.65655314,0.003170665,3.170665215,0.00202295,2.022950463,28,SP3
grint,gr_int_sp3,43598,376,143017,156051,159517,Skeletonization4,0.718673219,5.29,414.7,,10.52596324,126.3115589,0.344467944,344.4679443,0.164900966,164.9009664,28,SP3
gr15,gr_15_sp3,43598,376,143017,156051,159517,Skeletonization4,0.591034864,6.44,58.68,,9.587197772,115.0463733,0.115042428,115.0424276,0.031863125,31.86312488,28,SP3
